{"intrinsic_matrix": [[1404.2931540380462, 0.0, 716.2658822420541], [0.0, 1405.8872189435835, 542.8653864993705], [0.0, 0.0, 1.0]], "translation_vector": [[-96.77250286240397], [-48.06301252700201], [212.85040975799998]], "rotation_vector": [[-0.05036394654252185], [0.10348258541172453], [-0.006685560639921965]]}