{"rotation_vector": [[0.015277663467165527], [-0.023069162157895996], [0.0002822699656618623]], "translation_vector": [[-83.34339863031401], [-17.84738580958079], [190.15255752547165]], "intrinsic_matrix": [[1293.289570618402, 0.0, 808.755533692835], [0.0, 1299.6092983875324, 560.5325022844265], [0.0, 0.0, 1.0]]}