{"rotation_vector": [[-0.03889241363663843], [0.010091304645134589], [-0.01176239928220291]], "translation_vector": [[-78.75501831836294], [-13.685950917487991], [192.8603890952597]], "intrinsic_matrix": [[1298.1097722668046, 0.0, 784.0048740297992], [0.0, 1302.5055039123254, 558.1080387671215], [0.0, 0.0, 1.0]]}