{"translation_vector": [[-105.56944887173442], [-48.103232784986766], [218.86176273182502]], "intrinsic_matrix": [[1443.3088883631012, 0.0, 768.4986568702338], [0.0, 1445.457605298385, 596.2224073055919], [0.0, 0.0, 1.0]], "rotation_vector": [[-0.012211737856821633], [0.08941895216424665], [0.004647206279203902]]}