{"intrinsic_matrix": [[1314.991808617656, 0.0, 797.8031084617683], [0.0, 1319.169684355766, 560.3128760352797], [0.0, 0.0, 1.0]], "translation_vector": [[-82.34988717054695], [-25.660709531312076], [194.84866751662526]], "rotation_vector": [[0.033608528472341165], [0.012657094153756723], [0.011496324708966933]]}