{"intrinsic_matrix": [[1338.142368490527, 0.0, 769.1223361248631], [0.0, 1333.8150453656272, 569.13314075335], [0.0, 0.0, 1.0]], "rotation_vector": [[-0.12898370248898547], [0.07607165766731029], [-1.5749967279399757]], "translation_vector": [[-105.12841806415501], [-32.67978367264646], [203.15677211455574]]}